,Num_Stores,Total_Supply,Utilization_Pct,Avg_Distance,Total_Weighted_Distance,Fixed_Cost,Transport_Cost,Total_Cost
FC02,32.0,17274.0,69.096,60.89542607386823,1051907.5899999999,980000.0,84152.60719999998,1064152.6072
FC05,22.0,10866.0,43.464000000000006,233.2131971286582,2534094.6,720000.0,202727.568,922727.568
