Num_Stores,Total_Supply,Total_Weighted_Distance,Average_Distance,Utilization_pct
22.0,10866.0,476423.88,43.84537824406405,43.464000000000006
32.0,17274.0,1051907.5899999999,60.89542607386823,69.096
